"0","to_divide_or_not_to_divide <- function(x){{"
"0","  "
"0","  if(is.character(x) == TRUE){return(paste(""the answer is"", x))}"
"0","  "
"0","  if(is.numeric(paste(x)))"
"0","    if(x<10){return(x)"
"0","    }else{return(x/10)}}"
"0","return(""invalid input"")}"
"0",""
"0","to_divide_or_not_to_divide(86)"
"1","[1]"
"1"," ""invalid input"""
"1","
"
"0","to_divide_or_not_to_divide(6)"
"1","[1]"
"1"," ""invalid input"""
"1","
"
"0","to_divide_or_not_to_divide(""hey"")"
"1","[1]"
"1"," ""the answer is hey"""
"1","
"
